MUNI1,MUNI2
CANDELARIA DE LA FRONTERA,SANTA ANA
CANDELARIA DE LA FRONTERA,EL PORVENIR
CHALCHUAPA,CANDELARIA DE LA FRONTERA
GUATEMALA,CANDELARIA DE LA FRONTERA
GUATEMALA,SANTIAGO DE LA FRONTERA
GUATEMALA,SAN ANTONIO PAJONAL
METAPAN,TEXISTEPEQUE
CANDELARIA DE LA FRONTERA,TEXISTEPEQUE
SAN ANTONIO PAJONAL,TEXISTEPEQUE
SANTIAGO DE LA FRONTERA,SAN ANTONIO PAJONAL
SAN ANTONIO PAJONAL,CANDELARIA DE LA FRONTERA
CANDELARIA DE LA FRONTERA,SANTIAGO DE LA FRONTERA
GUATEMALA,METAPAN
GUATEMALA,CHALCHUAPA
SANTA ANA,EL CONGO
METAPAN,MASAHUAT
METAPAN,SANTA ROSA GUACHIPILIN
SANTA ROSA GUACHIPILIN,MASAHUAT
SANTA ROSA GUACHIPILIN,NUEVA CONCEPCION
MASAHUAT,TEXISTEPEQUE
MASAHUAT,NUEVA CONCEPCION
TEXISTEPEQUE,NUEVA CONCEPCION
TEXISTEPEQUE,SANTA ANA
SANTA ANA,NUEVA CONCEPCION
SANTA ANA,COATEPEQUE
COATEPEQUE,SAN JUAN OPICO
EL CONGO,COATEPEQUE
COATEPEQUE,CIUDAD ARCE
SAN SEBASTIAN SALITRILLO,SANTA ANA
CHALCHUAPA,SAN SEBASTIAN SALITRILLO
EL PORVENIR,SAN SEBASTIAN SALITRILLO
CHALCHUAPA,EL PORVENIR
EL PORVENIR,SANTA ANA
CHALCHUAPA,SANTA ANA
AHUACHAPAN,APANECA
CONCEPCION DE ATACO,GUAYMANGO
CONCEPCION DE ATACO,SAN PEDRO PUXTLA
SANTA CATARINA MASAHUAT,NAHUIZALCO
SALCOATITAN,SANTA CATARINA MASAHUAT
IZALCO,SONSONATE
LA PALMA,AGUA CALIENTE
SAN IGNACIO,LA PALMA
LA PALMA,SAN FERNANDO
LA PALMA,TEJUTLA
TEJUTLA,LAS VUELTAS
TEJUTLA,SAN FRANCISCO MORAZAN
LA REINA,SAN FRANCISCO MORAZAN
LA PALMA,LA REINA
SAN FERNANDO,DULCE NOMBRE DE MARIA
SAN FRANCISCO MORAZAN,DULCE NOMBRE DE MARIA
NUEVA CONCEPCION,AGUA CALIENTE
AGUA CALIENTE,LA REINA
NUEVA CONCEPCION,LA REINA
LA REINA,TEJUTLA
NUEVA CONCEPCION,TEJUTLA
TEJUTLA,EL PARAISO
TEJUTLA,EL PAISNAL
EL PARAISO,SAN RAFAEL
SAN FRANCISCO MORAZAN,SAN RAFAEL
DULCE NOMBRE DE MARIA,SAN RAFAEL
SAN RAFAEL,SANTA RITA
DULCE NOMBRE DE MARIA,SANTA RITA
DULCE NOMBRE DE MARIA,LA LAGUNA
DULCE NOMBRE DE MARIA,COMALAPA
COMALAPA,LA LAGUNA
LA LAGUNA,EL CARRIZAL
EL CARRIZAL,OJOS DE AGUA
CONCEPCION QUEZALTEPEQUE,OJOS DE AGUA
LA LAGUNA,CONCEPCION QUEZALTEPEQUE
SANTA RITA,COMALAPA
SANTA RITA,CONCEPCION QUEZALTEPEQUE
SANTA RITA,CHALATENANGO
CONCEPCION QUEZALTEPEQUE,CHALATENANGO
EL PARAISO,SANTA RITA
CHALATENANGO,AZACUALPA
CHALATENANGO,SAN MIGUEL DE MERCEDES
CHALATENANGO,SAN FRANCISCO LEMPA
SAN FRANCISCO LEMPA,SAN LUIS DEL CARMEN
AZACUALPA,SAN FRANCISCO LEMPA
AZACUALPA,SAN LUIS DEL CARMEN
SAN MARTIN,ORATORIO DE CONCEPCION
SAN MIGUEL DE MERCEDES,SAN LUIS DEL CARMEN
SAN MIGUEL DE MERCEDES,POTONICO
SAN MIGUEL DE MERCEDES,SAN ANTONIO LOS RANCHOS
SAN LUIS DEL CARMEN,POTONICO
SAN ANTONIO LOS RANCHOS,POTONICO
SAN ANTONIO LOS RANCHOS,SAN ISIDRO LABRADOR
POTONICO,SAN JOSE CANCASQUE
CHALATENANGO,SAN ISIDRO LABRADOR
CHALATENANGO,SAN ANTONIO LOS RANCHOS
LAS VUELTAS,SAN JOSE LAS FLORES
CHALATENANGO,LAS VUELTAS
OJOS DE AGUA,LAS VUELTAS
OJOS DE AGUA,NUEVA TRINIDAD
OJOS DE AGUA,SAN JOSE LAS FLORES
SAN JOSE LAS FLORES,NUEVA TRINIDAD
NUEVA TRINIDAD,SAN ANTONIO DE LA CRUZ
SAN ISIDRO LABRADOR,SAN ANTONIO DE LA CRUZ
SAN ANTONIO DE LA CRUZ,NOMBRE DE JESUS
SAN ISIDRO LABRADOR,SAN JOSE CANCASQUE
SAN JOSE CANCASQUE,SAN ANTONIO DE LA CRUZ
TEJUTLA,SUCHITOTO
EL PARAISO,SUCHITOTO
SANTA RITA,SUCHITOTO
CHALATENANGO,SUCHITOTO
SAN FRANCISCO LEMPA,SUCHITOTO
SAN LUIS DEL CARMEN,SUCHITOTO
SAN PABLO TACACHICO,SAN JUAN OPICO
SAN PABLO TACACHICO,SAN MATIAS
SAN JUAN OPICO,SAN MATIAS
SAN MATIAS,QUEZALTEPEQUE
QUEZALTEPEQUE,AGUILARES
CIUDAD ARCE,SAN JUAN OPICO
CIUDAD ARCE,SACACOYO
CIUDAD ARCE,COLON
SAN JUAN OPICO,COLON
QUEZALTEPEQUE,SAN JUAN OPICO
SACACOYO,COLON
COLON,JAYAQUE
TALNIQUE,COLON
SACACOYO,TEPECOYO
SACACOYO,JAYAQUE
TEPECOYO,JAYAQUE
JAYAQUE,TALNIQUE
SANTA TECLA,TALNIQUE
COLON,SANTA TECLA
NEJAPA,MEJICANOS
TEOTEPEQUE,JICALAPA
TEOTEPEQUE,CHILTIUPAN
TEPECOYO,TEOTEPEQUE
JAYAQUE,TEOTEPEQUE
JAYAQUE,CHILTIUPAN
TALNIQUE,TAMANIQUE
JAYAQUE,TAMANIQUE
CHILTIUPAN,TAMANIQUE
JICALAPA,CHILTIUPAN
TAMANIQUE,COMASAGUA
TAMANIQUE,LA LIBERTAD
SANTA TECLA,LA LIBERTAD
ZARAGOZA,LA LIBERTAD
SAN JOSE VILLANUEVA,LA LIBERTAD
ZARAGOZA,SAN JOSE VILLANUEVA
SAN JOSE VILLANUEVA,HUIZUCAR
SANTA TECLA,ZARAGOZA
HUIZUCAR,LA LIBERTAD
COMASAGUA,SANTA TECLA
SANTA TECLA,NUEVO CUSCATLAN
NUEVO CUSCATLAN,ANTIGUO CUSCATLAN
SANTA TECLA,ANTIGUO CUSCATLAN
SANTA TECLA,SAN JOSE VILLANUEVA
NUEVO CUSCATLAN,SAN JOSE VILLANUEVA
NUEVO CUSCATLAN,HUIZUCAR
TALNIQUE,COMASAGUA
APOPA,AYUTUXTEPEQUE
SAN JOSE GUAYABAL,ORATORIO DE CONCEPCION
SAN BARTOLOME PERULAPIA,SAN PEDRO PERULAPAN
ORATORIO DE CONCEPCION,SAN BARTOLOME PERULAPIA
ORATORIO DE CONCEPCION,SAN PEDRO PERULAPAN
SAN PEDRO PERULAPAN,TENANCINGO
TENANCINGO,MONTE DE SAN JUAN
TENANCINGO,SANTA CRUZ MICHAPA
SAN PEDRO PERULAPAN,SANTA CRUZ MICHAPA
SANTA CRUZ MICHAPA,COJUTEPEQUE
SANTA CRUZ MICHAPA,MONTE DE SAN JUAN
MONTE DE SAN JUAN,COJUTEPEQUE
COJUTEPEQUE,EL CARMEN
MONTE DE SAN JUAN,EL CARMEN
MONTE DE SAN JUAN,EL ROSARIO
EL ROSARIO,EL CARMEN
EL ROSARIO,SAN RAFAEL CEDROS
TENANCINGO,EL ROSARIO
CANDELARIA,SAN RAMON
COJUTEPEQUE,SAN RAMON
COJUTEPEQUE,SAN CRISTOBAL
SAN RAMON,SAN CRISTOBAL
SAN RAMON,SANTA CRUZ ANALQUITO
CANDELARIA,SANTA CRUZ ANALQUITO
SAN RAMON,JERUSALEN
SAN CRISTOBAL,JERUSALEN
SANTA CRUZ ANALQUITO,JERUSALEN
SANTA CRUZ ANALQUITO,PARAISO DE OSORIO
SAN EMIGDIO,PARAISO DE OSORIO
SANTA CRUZ ANALQUITO,SANTA MARIA OSTUMA
EL CARMEN,SAN CRISTOBAL
SAN FRANCISCO CHINAMECA,TAPALHUACA
TAPALHUACA,SAN ANTONIO MASAHUAT
SAN FRANCISCO CHINAMECA,CUYULTITAN
CUYULTITAN,TAPALHUACA
TAPALHUACA,SAN LUIS TALPA
LA LIBERTAD,SAN LUIS TALPA
SAN LUIS TALPA,SAN PEDRO MASAHUAT
EL ROSARIO,SAN PEDRO MASAHUAT
SANTIAGO NONUALCO,SAN JUAN NONUALCO
SAN RAFAEL OBRAJUELO,SAN JUAN NONUALCO
SANTIAGO NONUALCO,SAN LUIS LA HERRADURA
SANTIAGO NONUALCO,ZACATECOLUCA
SANTIAGO NONUALCO,SAN RAFAEL OBRAJUELO
TAPALHUACA,SAN PEDRO MASAHUAT
SAN ANTONIO MASAHUAT,SAN PEDRO MASAHUAT
SAN ANTONIO MASAHUAT,SANTIAGO NONUALCO
SUCHITOTO,CINQUERA
POTONICO,CINQUERA
CINQUERA,JUTIAPA
POTONICO,JUTIAPA
CINQUERA,TEJUTEPEQUE
JUTIAPA,TEJUTEPEQUE
SANTA CLARA,SAN CAYETANO ISTEPEQUE
TEJUTEPEQUE,ILOBASCO
SUCHITOTO,TENANCINGO
SUCHITOTO,SAN PEDRO PERULAPAN
SUCHITOTO,ORATORIO DE CONCEPCION
CINQUERA,TENANCINGO
ILOBASCO,EL ROSARIO
ILOBASCO,SAN RAFAEL CEDROS
SAN ANTONIO DE LA CRUZ,SENSUNTEPEQUE
SAN JOSE CANCASQUE,SENSUNTEPEQUE
SAN JOSE CANCASQUE,JUTIAPA
JUTIAPA,SENSUNTEPEQUE
ILOBASCO,SENSUNTEPEQUE
ILOBASCO,SAN ISIDRO
SENSUNTEPEQUE,SAN ISIDRO
VICTORIA,SENSUNTEPEQUE
GUACOTECTI,SENSUNTEPEQUE
SAN ISIDRO,GUACOTECTI
SAN ISIDRO,SENSUNTEPEQUE
SENSUNTEPEQUE,GUACOTECTI
SENSUNTEPEQUE,VILLA DOLORES
SAN PEDRO MASAHUAT,SANTIAGO NONUALCO
SAN PEDRO MASAHUAT,SAN LUIS LA HERRADURA
EL ROSARIO,SANTIAGO NONUALCO
SAN JUAN NONUALCO,ZACATECOLUCA
SAN LUIS LA HERRADURA,TECOLUCA
GUADALUPE,ZACATECOLUCA
ZACATECOLUCA,TECOLUCA
VERAPAZ,GUADALUPE
VERAPAZ,TEPETITAN
GUADALUPE,TEPETITAN
TEPETITAN,SAN CAYETANO ISTEPEQUE
SAN CAYETANO ISTEPEQUE,SAN VICENTE
TEPETITAN,SAN VICENTE
SAN LORENZO,TEPETITAN
SANTO DOMINGO,TEPETITAN
SANTO DOMINGO,VERAPAZ
SANTO DOMINGO,SAN LORENZO
SAN LORENZO,SAN CAYETANO ISTEPEQUE
SAN CRISTOBAL,VERAPAZ
SAN CRISTOBAL,SANTO DOMINGO
SAN RAFAEL CEDROS,SAN SEBASTIAN
SAN RAFAEL CEDROS,SANTO DOMINGO
SANTO DOMINGO,SAN SEBASTIAN
SAN SEBASTIAN,SAN LORENZO
SAN LORENZO,SAN ESTEBAN CATARINA
SAN SEBASTIAN,SAN ESTEBAN CATARINA
SAN ESTEBAN CATARINA,APASTEPEQUE
SAN ESTEBAN CATARINA,SAN CAYETANO ISTEPEQUE
SAN CAYETANO ISTEPEQUE,APASTEPEQUE
ILOBASCO,SAN SEBASTIAN
VILLA DOLORES,SAN ILDEFONSO
SANTA CLARA,SAN ILDEFONSO
SAN ESTEBAN CATARINA,SANTA CLARA
APASTEPEQUE,SAN VICENTE
SAN ILDEFONSO,SAN VICENTE
SAN AGUSTIN,SAN FRANCISCO JAVIER
JIQUILISCO,SAN FRANCISCO JAVIER
SAN FRANCISCO JAVIER,OZATLAN
JIQUILISCO,OZATLAN
PUERTO EL TRIUNFO,USULUTAN
JIQUILISCO,USULUTAN
SAN DIONISIO,USULUTAN
USULUTAN,JUCUARAN
CONCEPCION BATRES,JUCUARAN
USULUTAN,EREGUAYQUIN
EREGUAYQUIN,SANTA MARIA
SANTA MARIA,USULUTAN
OZATLAN,USULUTAN
SANTA ELENA,USULUTAN
SANTA ELENA,SANTA MARIA
CALIFORNIA,USULUTAN
CALIFORNIA,TECAPAN
TECAPAN,OZATLAN
SAN FRANCISCO JAVIER,TECAPAN
BERLIN,TECAPAN
ALEGRIA,TECAPAN
BERLIN,ALEGRIA
TECAPAN,SANTIAGO DE MARIA
SANTIAGO DE MARIA,CALIFORNIA
SANTIAGO DE MARIA,SANTA ELENA
BERLIN,SAN AGUSTIN
CALIFORNIA,SANTA ELENA
JUCUAPA,SANTA ELENA
BERLIN,SAN FRANCISCO JAVIER
ALEGRIA,MERCEDES UMAÐA
MERCEDES UMAÐA,ESTANZUELAS
EL TRIUNFO,MERCEDES UMAÐA
MERCEDES UMAÐA,NUEVA GRANADA
SAN BUENAVENTURA,JUCUAPA
EL TRIUNFO,JUCUAPA
EL TRIUNFO,ALEGRIA
VILLA DOLORES,NUEVO EDEN DE SAN JUAN
SAN LUIS DE LA REINA,SESORI
NUEVO EDEN DE SAN JUAN,SESORI
SAN LUIS DE LA REINA,CAROLINA
CAROLINA,SAN ANTONIO DEL MOSCO
CAROLINA,CIUDAD BARRIOS
LOLOTIQUE,MONCAGUA
LOLOTIQUE,NUEVA GUADALUPE
CHAPELTIQUE,MONCAGUA
MONCAGUA,NUEVA GUADALUPE
MONCAGUA,SAN MIGUEL
MONCAGUA,QUELEPA
QUELEPA,SAN MIGUEL
CHINAMECA,SAN MIGUEL
CHINAMECA,MONCAGUA
JUCUAPA,CHINAMECA
CHINAMECA,SAN JORGE
SANTA ELENA,CHINAMECA
SAN JORGE,SAN RAFAEL ORIENTE
SAN JORGE,SAN MIGUEL
SAN RAFAEL ORIENTE,SAN MIGUEL
EREGUAYQUIN,EL TRANSITO
CHIRILAGUA,JUCUARAN
CIUDAD BARRIOS,CHAPELTIQUE
ZONA EN PROCESO DE DEMARCACION,PERQUIN
ARAMBALA,PERQUIN
SAN FERNANDO,PERQUIN
PERQUIN,ARAMBALA
PERQUIN,JOCOAITIQUE
SAN FERNANDO,TOROLA
SAN ANTONIO DEL MOSCO,TOROLA
TOROLA,SAN ISIDRO
JOCOAITIQUE,MEANGUERA
SAN ISIDRO,SAN SIMON
EL ROSARIO,MEANGUERA
GUALOCOCTI,OSICALA
JOATECA,CACAOPERA
DELICIAS DE CONCEPCION,CACAOPERA
OSICALA,DELICIAS DE CONCEPCION
YOLOAIQUIN,DELICIAS DE CONCEPCION
YOLOAIQUIN,CACAOPERA
YOLOAIQUIN,LOLOTIQUILLO
GUATAJIAGUA,YAMABAL
OSICALA,CHILANGA
LOLOTIQUILLO,SOCIEDAD
LOLOTIQUILLO,SAN FRANCISCO GOTERA
CORINTO,SOCIEDAD
CIUDAD BARRIOS,YAMABAL
CHAPELTIQUE,GUATAJIAGUA
SAN FRANCISCO GOTERA,SAN CARLOS
SAN CARLOS,EL DIVISADERO
SAN FRANCISCO GOTERA,EL DIVISADERO
SAN FRANCISCO GOTERA,JOCORO
SAN FRANCISCO GOTERA,SOCIEDAD
LISLIQUE,NUEVA ESPARTA
CORINTO,LISLIQUE
CORINTO,ANAMOROS
LISLIQUE,ANAMOROS
NUEVA ESPARTA,POLOROS
ANAMOROS,NUEVA ESPARTA
POLOROS,CONCEPCION DE ORIENTE
POLOROS,EL SAUCE
CONCEPCION DE ORIENTE,EL SAUCE
NUEVA ESPARTA,EL SAUCE
ANAMOROS,EL SAUCE
SOCIEDAD,ANAMOROS
JOCORO,SANTA ROSA DE LIMA
ANAMOROS,SANTA ROSA DE LIMA
SANTA ROSA DE LIMA,EL SAUCE
EL SAUCE,PASAQUINA
SAN JOSE,PASAQUINA
SANTA ROSA DE LIMA,SAN JOSE
SANTA ROSA DE LIMA,BOLIVAR
JOCORO,BOLIVAR
YUCUAIQUIN,BOLIVAR
ULUAZAPA,YUCUAIQUIN
BOLIVAR,SAN JOSE
SAN ALEJO,PASAQUINA
BOLIVAR,SAN ALEJO
SAN JOSE,SAN ALEJO
YUCUAIQUIN,SAN ALEJO
YUCUAIQUIN,YAYANTIQUE
ULUAZAPA,YAYANTIQUE
SAN ALEJO,EL CARMEN
CHIRILAGUA,INTIPUCA
INTIPUCA,LA UNION
METAPAN,SAN ANTONIO PAJONAL
SANTA ROSA DE LIMA,PASAQUINA
METAPAN,CITALA
METAPAN,LA PALMA
METAPAN,NUEVA CONCEPCION
EL CONGO,CIUDAD ARCE
SANTA ANA,SAN PABLO TACACHICO
COATEPEQUE,SAN PABLO TACACHICO
APANECA,SANTA CATARINA MASAHUAT
ZONA EN PROCESO DE DEMARCACION,CITALA
CITALA,LA PALMA
CITALA,SAN IGNACIO
ZONA EN PROCESO DE DEMARCACION,SAN IGNACIO
SAN FERNANDO,ZONA EN PROCESO DE DEMARCACION
TEJUTLA,SAN FERNANDO
LA PALMA,ZONA EN PROCESO DE DEMARCACION
SAN FERNANDO,SAN FRANCISCO MORAZAN
DULCE NOMBRE DE MARIA,ZONA EN PROCESO DE DEMARCACION
NUEVA CONCEPCION,SAN PABLO TACACHICO
LA LAGUNA,ZONA EN PROCESO DE DEMARCACION
EL CARRIZAL,ZONA EN PROCESO DE DEMARCACION
OJOS DE AGUA,ZONA EN PROCESO DE DEMARCACION
CHALATENANGO,SAN JOSE LAS FLORES
CONCEPCION QUEZALTEPEQUE,LAS VUELTAS
NUEVA TRINIDAD,ZONA EN PROCESO DE DEMARCACION
ARCATAO,ZONA EN PROCESO DE DEMARCACION
NUEVA TRINIDAD,ARCATAO
SAN JOSE LAS FLORES,SAN ISIDRO LABRADOR
ARCATAO,SAN ANTONIO DE LA CRUZ
ARCATAO,NOMBRE DE JESUS
COMASAGUA,LA LIBERTAD
SAN JOSE GUAYABAL,SUCHITOTO
EL CARMEN,SAN RAFAEL CEDROS
COJUTEPEQUE,CANDELARIA
CANDELARIA,SAN EMIGDIO
SANTA CRUZ ANALQUITO,SAN EMIGDIO
SAN MIGUEL TEPEZONTES,SAN EMIGDIO
JERUSALEN,MERCEDES LA CEIBA
SAN MIGUEL TEPEZONTES,PARAISO DE OSORIO
SAN MIGUEL TEPEZONTES,SAN JUAN TEPEZONTES
JERUSALEN,SANTA MARIA OSTUMA
MERCEDES LA CEIBA,SANTA MARIA OSTUMA
PARAISO DE OSORIO,SANTA MARIA OSTUMA
SANTA MARIA OSTUMA,SAN PEDRO NONUALCO
SAN JUAN TEPEZONTES,SAN PEDRO NONUALCO
OLOCUILTA,SAN FRANCISCO CHINAMECA
SAN FRANCISCO CHINAMECA,SAN ANTONIO MASAHUAT
SAN MIGUEL TEPEZONTES,SAN ANTONIO MASAHUAT
SAN ANTONIO MASAHUAT,SAN JUAN TEPEZONTES
OLOCUILTA,CUYULTITAN
SAN JUAN TALPA,CUYULTITAN
SAN JUAN TALPA,SAN LUIS TALPA
SAN JUAN TEPEZONTES,SANTIAGO NONUALCO
SAN FRANCISCO CHINAMECA,SAN MIGUEL TEPEZONTES
SAN MIGUEL TEPEZONTES,SANTA MARIA OSTUMA
SAN MIGUEL TEPEZONTES,SAN PEDRO NONUALCO
OLOCUILTA,LA LIBERTAD
SAN PEDRO NONUALCO,SANTIAGO NONUALCO
TENANCINGO,TEJUTEPEQUE
TENANCINGO,ILOBASCO
HONDURAS,VICTORIA
NOMBRE DE JESUS,VICTORIA
NOMBRE DE JESUS,SENSUNTEPEQUE
SENSUNTEPEQUE,HONDURAS
VILLA DOLORES,HONDURAS
ZACATECOLUCA,SAN LUIS LA HERRADURA
SAN VICENTE,TECOLUCA
JERUSALEN,VERAPAZ
SANTA MARIA OSTUMA,GUADALUPE
SAN PEDRO NONUALCO,GUADALUPE
SAN PEDRO NONUALCO,SAN JUAN NONUALCO
GUADALUPE,SAN JUAN NONUALCO
EL CARMEN,SANTO DOMINGO
SAN ISIDRO,SAN SEBASTIAN
SAN ISIDRO,SAN ESTEBAN CATARINA
SAN ISIDRO,SANTA CLARA
VILLA DOLORES,SANTA CLARA
SENSUNTEPEQUE,SANTA CLARA
SANTA CLARA,APASTEPEQUE
APASTEPEQUE,SAN ILDEFONSO
TECOLUCA,JIQUILISCO
JIQUILISCO,PUERTO EL TRIUNFO
SAN AGUSTIN,JIQUILISCO
CONCEPCION BATRES,USULUTAN
EL TRANSITO,JUCUARAN
CONCEPCION BATRES,EL TRANSITO
EREGUAYQUIN,CONCEPCION BATRES
SANTA ELENA,EREGUAYQUIN
EREGUAYQUIN,SAN RAFAEL ORIENTE
SAN RAFAEL ORIENTE,SANTA ELENA
SANTIAGO DE MARIA,ALEGRIA
ALEGRIA,JUCUAPA
JUCUAPA,SANTIAGO DE MARIA
SAN VICENTE,BERLIN
SAN VICENTE,SAN AGUSTIN
BERLIN,MERCEDES UMAÐA
SAN VICENTE,MERCEDES UMAÐA
NUEVA GRANADA,ESTANZUELAS
SAN ILDEFONSO,ESTANZUELAS
EL TRIUNFO,NUEVA GRANADA
SAN BUENAVENTURA,EL TRIUNFO
HONDURAS,NUEVO EDEN DE SAN JUAN
HONDURAS,SAN GERARDO
NUEVO EDEN DE SAN JUAN,SAN GERARDO
SAN GERARDO,SESORI
SAN GERARDO,SAN LUIS DE LA REINA
HONDURAS,SAN LUIS DE LA REINA
SAN LUIS DE LA REINA,CIUDAD BARRIOS
SAN ILDEFONSO,NUEVO EDEN DE SAN JUAN
SAN ILDEFONSO,SESORI
CAROLINA,ZONA EN PROCESO DE DEMARCACION
SESORI,NUEVA GRANADA
EL TRIUNFO,SESORI
SAN ILDEFONSO,NUEVA GRANADA
LOLOTIQUE,EL TRIUNFO
LOLOTIQUE,SESORI
SAN BUENAVENTURA,LOLOTIQUE
CHAPELTIQUE,LOLOTIQUE
SAN BUENAVENTURA,NUEVA GUADALUPE
CHAPELTIQUE,SESORI
NUEVA GUADALUPE,CHINAMECA
CHAPELTIQUE,SAN MIGUEL
SAN RAFAEL ORIENTE,EL TRANSITO
EL TRANSITO,SAN MIGUEL
SAN MIGUEL,JUCUARAN
SAN MIGUEL,CHIRILAGUA
SESORI,CIUDAD BARRIOS
SAN ANTONIO DEL MOSCO,ZONA EN PROCESO DE DEMARCACION
TOROLA,ZONA EN PROCESO DE DEMARCACION
ZONA EN PROCESO DE DEMARCACION,SAN FERNANDO
ARAMBALA,ZONA EN PROCESO DE DEMARCACION
ARAMBALA,JOCOAITIQUE
ARAMBALA,JOATECA
ZONA EN PROCESO DE DEMARCACION,JOATECA
TOROLA,EL ROSARIO
TOROLA,JOCOAITIQUE
EL ROSARIO,JOCOAITIQUE
ARAMBALA,MEANGUERA
SAN ANTONIO DEL MOSCO,SAN ISIDRO
SAN ISIDRO,EL ROSARIO
SAN ANTONIO DEL MOSCO,SAN SIMON
SAN SIMON,EL ROSARIO
EL ROSARIO,GUALOCOCTI
EL ROSARIO,OSICALA
MEANGUERA,OSICALA
CAROLINA,SAN SIMON
CIUDAD BARRIOS,SAN SIMON
SAN SIMON,GUALOCOCTI
MEANGUERA,JOATECA
MEANGUERA,CACAOPERA
JOATECA,CORINTO
ZONA EN PROCESO DE DEMARCACION,CORINTO
CACAOPERA,CORINTO
YOLOAIQUIN,CHILANGA
CIUDAD BARRIOS,GUATAJIAGUA
SENSEMBRA,YAMABAL
CHILANGA,SENSEMBRA
SAN SIMON,CHILANGA
GUALOCOCTI,CHILANGA
DELICIAS DE CONCEPCION,CHILANGA
CACAOPERA,LOLOTIQUILLO
CACAOPERA,SOCIEDAD
CHILANGA,LOLOTIQUILLO
CHILANGA,SAN FRANCISCO GOTERA
CHILANGA,YAMABAL
SAN FRANCISCO GOTERA,SENSEMBRA
YAMABAL,SAN FRANCISCO GOTERA
YAMABAL,SAN CARLOS
EL DIVISADERO,SAN FRANCISCO GOTERA
GUATAJIAGUA,SAN MIGUEL
YAMABAL,SAN MIGUEL
SAN MIGUEL,SAN CARLOS
SAN MIGUEL,EL DIVISADERO
EL DIVISADERO,JOCORO
EL DIVISADERO,COMACARAN
SAN FRANCISCO GOTERA,COMACARAN
SAN MIGUEL,COMACARAN
COMACARAN,ULUAZAPA
SOCIEDAD,JOCORO
ZONA EN PROCESO DE DEMARCACION,HONDURAS
ZONA EN PROCESO DE DEMARCACION,NUEVA ESPARTA
ZONA EN PROCESO DE DEMARCACION,LISLIQUE
ZONA EN PROCESO DE DEMARCACION,POLOROS
ZONA EN PROCESO DE DEMARCACION,EL SAUCE
SOCIEDAD,SANTA ROSA DE LIMA
JOCORO,YUCUAIQUIN
JOCORO,COMACARAN
COMACARAN,YUCUAIQUIN
ZONA EN PROCESO DE DEMARCACION,PASAQUINA
YAYANTIQUE,SAN ALEJO
PASAQUINA,ZONA EN PROCESO DE DEMARCACION
SAN MIGUEL,ULUAZAPA
SAN MIGUEL,YAYANTIQUE
YAYANTIQUE,EL CARMEN
SAN ALEJO,LA UNION
SAN MIGUEL,EL CARMEN
EL CARMEN,LA UNION
LA UNION,CONCHAGUA
EL CARMEN,CONCHAGUA
CHIRILAGUA,EL CARMEN
EL CARMEN,INTIPUCA
LA UNION,EL CARMEN
METAPAN,AGUA CALIENTE
OLOCUILTA,SAN JUAN TALPA
OLOCUILTA,SAN LUIS TALPA
SAN FERNANDO,TEJUTLA
HONDURAS,ZONA EN PROCESO DE DEMARCACION
NOMBRE DE JESUS,ZONA EN PROCESO DE DEMARCACION
SANTA CATARINA MASAHUAT,SANTO DOMINGO DE GUZMAN
SANTA CATARINA MASAHUAT,SAN ANTONIO DEL MONTE
SALCOATITAN,NAHUIZALCO
NAHUIZALCO,IZALCO
NAHUIZALCO,SANTA ANA
SANTA ANA,IZALCO
NAHUIZALCO,SONZACATE
NAHUIZALCO,SONSONATE
NAHUIZALCO,SAN ANTONIO DEL MONTE
SONSONATE,SONZACATE
NAHULINGO,SONSONATE
SAN ANTONIO DEL MONTE,SONSONATE
ACAJUTLA,SONSONATE
SANTO DOMINGO DE GUZMAN,ACAJUTLA
SANTO DOMINGO DE GUZMAN,SONSONATE
SANTO DOMINGO DE GUZMAN,SAN ANTONIO DEL MONTE
APANECA,SALCOATITAN
SONSONATE,CALUCO
CALUCO,CUISNAHUAT
IZALCO,CALUCO
CALUCO,SAN JULIAN
SAN JULIAN,CUISNAHUAT
CUISNAHUAT,SANTA ISABEL ISHUATAN
SONSONATE,SANTA ISABEL ISHUATAN
SANTA ISABEL ISHUATAN,TEOTEPEQUE
SANTA ISABEL ISHUATAN,TEPECOYO
SAN JULIAN,SANTA ISABEL ISHUATAN
SAN JULIAN,TEPECOYO
SAN JULIAN,ARMENIA
ARMENIA,TEPECOYO
EL CONGO,ARMENIA
SALCOATITAN,JUAYUA
CHALCHUAPA,JUAYUA
NAHULINGO,IZALCO
SONZACATE,IZALCO
AHUACHAPAN,JUAYUA
IZALCO,ARMENIA
IZALCO,SAN JULIAN
SONSONATE,CUISNAHUAT
JUAYUA,NAHUIZALCO
CHALCHUAPA,NAHUIZALCO
ATIQUIZAYA,JUAYUA
ROSARIO DE MORA,LA LIBERTAD
ANTIGUO CUSCATLAN,SAN SALVADOR
ANTIGUO CUSCATLAN,SAN MARCOS
HUIZUCAR,SAN MARCOS
GUAZAPA,SUCHITOTO
SANTA TECLA,SAN SALVADOR
ILOPANGO,SAN MARTIN
SANTO TOMAS,SANTIAGO TEXACUANGOS
HUIZUCAR,PANCHIMALCO
ROSARIO DE MORA,PANCHIMALCO
NUEVA CONCEPCION,EL PAISNAL
SAN PABLO TACACHICO,EL PAISNAL
AGUILARES,GUAZAPA
AGUILARES,SUCHITOTO
TONACATEPEQUE,SAN JOSE GUAYABAL
SAN JOSE GUAYABAL,SAN MARTIN
DELGADO,TONACATEPEQUE
APOPA,CUSCATANCINGO
CUSCATANCINGO,DELGADO
AYUTUXTEPEQUE,DELGADO
APOPA,MEJICANOS
NEJAPA,SAN SALVADOR
SANTA TECLA,NEJAPA
DELGADO,SAN SALVADOR
SOYAPANGO,SAN MARCOS
ILOPANGO,SANTIAGO TEXACUANGOS
SANTIAGO TEXACUANGOS,SAN FRANCISCO CHINAMECA
SANTIAGO TEXACUANGOS,OLOCUILTA
PANCHIMALCO,OLOCUILTA
GUAZAPA,TONACATEPEQUE
DELGADO,SOYAPANGO
SAN MARCOS,SANTO TOMAS
SANTO TOMAS,PANCHIMALCO
SANTO TOMAS,OLOCUILTA
PANCHIMALCO,LA LIBERTAD
SAN SALVADOR,SAN MARCOS
SAN MARCOS,PANCHIMALCO
SAN SALVADOR,PANCHIMALCO
SOYAPANGO,SANTO TOMAS
ILOPANGO,SANTO TOMAS
TONACATEPEQUE,SOYAPANGO
TONACATEPEQUE,ILOPANGO
GUAZAPA,APOPA
NEJAPA,GUAZAPA
AGUILARES,NEJAPA
EL PAISNAL,AGUILARES
NEJAPA,APOPA
APOPA,TONACATEPEQUE
APOPA,DELGADO
AYUTUXTEPEQUE,CUSCATANCINGO
MEJICANOS,DELGADO
SOYAPANGO,ILOPANGO
TONACATEPEQUE,SAN MARTIN
SAN MARTIN,SAN BARTOLOME PERULAPIA
SAN MARTIN,SAN PEDRO PERULAPAN
HUIZUCAR,ROSARIO DE MORA
SAN SALVADOR,SOYAPANGO
MEJICANOS,SAN SALVADOR
CUSCATANCINGO,SAN SALVADOR
MEJICANOS,CUSCATANCINGO
MEJICANOS,AYUTUXTEPEQUE
QUEZALTEPEQUE,NEJAPA
GUAZAPA,SAN JOSE GUAYABAL
EL PAISNAL,SAN MATIAS
EL PAISNAL,QUEZALTEPEQUE
EL PAISNAL,SUCHITOTO
ARMENIA,SACACOYO
ARMENIA,CIUDAD ARCE
SAN LORENZO,ATIQUIZAYA
AHUACHAPAN,SAN LORENZO
AHUACHAPAN,ATIQUIZAYA
AHUACHAPAN,TURIN
AHUACHAPAN,TACUBA
AHUACHAPAN,CONCEPCION DE ATACO
TACUBA,CONCEPCION DE ATACO
CONCEPCION DE ATACO,APANECA
APANECA,JUAYUA
JUJUTLA,GUAYMANGO
GUAYMANGO,SAN PEDRO PUXTLA
GUAYMANGO,ACAJUTLA
GUAYMANGO,SANTO DOMINGO DE GUZMAN
SAN PEDRO PUXTLA,SANTO DOMINGO DE GUZMAN
GUATEMALA,SAN FRANCISCO MENENDEZ
GUATEMALA,TACUBA
GUATEMALA,AHUACHAPAN
GUATEMALA,SAN LORENZO
EL REFUGIO,CHALCHUAPA
TURIN,ATIQUIZAYA
TACUBA,JUJUTLA
SAN FRANCISCO MENENDEZ,JUJUTLA
JUJUTLA,ACAJUTLA
TACUBA,SAN FRANCISCO MENENDEZ
CONCEPCION DE ATACO,JUJUTLA
ATIQUIZAYA,CHALCHUAPA
ATIQUIZAYA,EL REFUGIO
CHALCHUAPA,ATIQUIZAYA
CHALCHUAPA,SAN LORENZO
APANECA,SAN PEDRO PUXTLA
SAN PEDRO PUXTLA,SANTA CATARINA MASAHUAT
